patient_id,ward,admit_date
P001,ICU,2025-12-11
P002,CARDIAC,2025-12-28
P003,GENERAL_A,2025-12-31
P004,GENERAL_B,2025-12-08
P005,ICU,2025-12-23
P006,CARDIAC,2025-12-24
P007,GENERAL_A,2025-12-24
P008,GENERAL_B,2025-12-27
P009,ICU,2025-12-08
P010,CARDIAC,2025-12-28
P011,GENERAL_A,2025-12-10
P012,GENERAL_B,2025-12-08
P013,ICU,2025-12-03
P014,CARDIAC,2025-12-14
P015,GENERAL_A,2025-12-29
P016,GENERAL_B,2025-12-13
P017,ICU,2025-12-18
P018,CARDIAC,2025-12-30
P019,GENERAL_A,2025-12-31
P020,GENERAL_B,2025-12-29
